delete from CD_PARTY_STRUCT;
delete from CD_PARTY_STRUCT_RULE;
delete from CD_PARTY_STRUCT_TYPE;
delete from CD_PARTY_ENTITY;
delete from CD_PARTY_TYPE;


INSERT INTO CD_PARTY_TYPE(ID,NAME,TYPE,TENANT_ID) VALUES(1,'人员',2,'1');
INSERT INTO CD_PARTY_TYPE(ID,NAME,TYPE,TENANT_ID) VALUES(2,'部门',0,'1');
INSERT INTO CD_PARTY_TYPE(ID,NAME,TYPE,TENANT_ID) VALUES(3,'岗位',0,'1');


INSERT INTO CD_PARTY_ENTITY(ID,TYPE_ID,NAME,REF,TENANT_ID,REGION) VALUES(1,2,'监督中心','','1','');
INSERT INTO CD_PARTY_ENTITY(ID,TYPE_ID,NAME,REF,TENANT_ID,REGION) VALUES(2,3,'监督中心坐席','','1','');
INSERT INTO CD_PARTY_ENTITY(ID,TYPE_ID,NAME,REF,TENANT_ID,REGION) VALUES(3,3,'巡查部门','','1','');
INSERT INTO CD_PARTY_ENTITY(ID,TYPE_ID,NAME,REF,TENANT_ID,REGION) VALUES(4,2,'指挥中心','','1','');
INSERT INTO CD_PARTY_ENTITY(ID,TYPE_ID,NAME,REF,TENANT_ID,REGION) VALUES(5,3,'指挥中心坐席','','1','');
INSERT INTO CD_PARTY_ENTITY(ID,TYPE_ID,NAME,REF,TENANT_ID,REGION) VALUES(6,2,'专业公司','','1','');
INSERT INTO CD_PARTY_ENTITY(ID,TYPE_ID,NAME,REF,TENANT_ID,REGION) VALUES(7,2,'自来水公司','','1','');
INSERT INTO CD_PARTY_ENTITY(ID,TYPE_ID,NAME,REF,TENANT_ID,REGION) VALUES(8,3,'自来水公司坐席','','1','');
INSERT INTO CD_PARTY_ENTITY(ID,TYPE_ID,NAME,REF,TENANT_ID,REGION) VALUES(9,3,'自来水公司养护队伍','','1','');
INSERT INTO CD_PARTY_ENTITY(ID,TYPE_ID,NAME,REF,TENANT_ID,REGION) VALUES(10,1,'陈小平','1','1','成都市');
INSERT INTO CD_PARTY_ENTITY(ID,TYPE_ID,NAME,REF,TENANT_ID,REGION) VALUES(11,1,'张文举','2','1','成都市');
INSERT INTO CD_PARTY_ENTITY(ID,TYPE_ID,NAME,REF,TENANT_ID,REGION) VALUES(12,1,'曾锐','3','1','成都市');
INSERT INTO CD_PARTY_ENTITY(ID,TYPE_ID,NAME,REF,TENANT_ID,REGION) VALUES(13,1,'陈鑫','4','1','成都市');
INSERT INTO CD_PARTY_ENTITY(ID,TYPE_ID,NAME,REF,TENANT_ID,REGION) VALUES(14,1,'李晓文','5','1','成都市');
INSERT INTO CD_PARTY_ENTITY(ID,TYPE_ID,NAME,REF,TENANT_ID,REGION) VALUES(15,1,'许娟','6','1','成都市');
INSERT INTO CD_PARTY_ENTITY(ID,TYPE_ID,NAME,REF,TENANT_ID,REGION) VALUES(16,1,'黄可','7','1','成都市');
INSERT INTO CD_PARTY_ENTITY(ID,TYPE_ID,NAME,REF,TENANT_ID,REGION) VALUES(17,1,'张艺译','8','1','成都市');
INSERT INTO CD_PARTY_ENTITY(ID,TYPE_ID,NAME,REF,TENANT_ID,REGION) VALUES(18,1,'张成国','9','1','成都市');
INSERT INTO CD_PARTY_ENTITY(ID,TYPE_ID,NAME,REF,TENANT_ID,REGION) VALUES(19,1,'罗方','10','1','成都市');
INSERT INTO CD_PARTY_ENTITY(ID,TYPE_ID,NAME,REF,TENANT_ID,REGION) VALUES(20,2,'燃气公司','','1','');
INSERT INTO CD_PARTY_ENTITY(ID,TYPE_ID,NAME,REF,TENANT_ID,REGION) VALUES(21,3,'燃气公司坐席','','1','');
INSERT INTO CD_PARTY_ENTITY(ID,TYPE_ID,NAME,REF,TENANT_ID,REGION) VALUES(22,3,'燃气公司养护队伍','','1','');
INSERT INTO CD_PARTY_ENTITY(ID,TYPE_ID,NAME,REF,TENANT_ID,REGION) VALUES(23,2,'电力公司','','1','');
INSERT INTO CD_PARTY_ENTITY(ID,TYPE_ID,NAME,REF,TENANT_ID,REGION) VALUES(24,3,'电力公司坐席','','1','');
INSERT INTO CD_PARTY_ENTITY(ID,TYPE_ID,NAME,REF,TENANT_ID,REGION) VALUES(25,3,'电力公司养护队伍','','1','');
INSERT INTO CD_PARTY_ENTITY(ID,TYPE_ID,NAME,REF,TENANT_ID,REGION) VALUES(26,2,'热力公司','','1','');
INSERT INTO CD_PARTY_ENTITY(ID,TYPE_ID,NAME,REF,TENANT_ID,REGION) VALUES(27,3,'热力公司坐席','','1','');
INSERT INTO CD_PARTY_ENTITY(ID,TYPE_ID,NAME,REF,TENANT_ID,REGION) VALUES(28,3,'热力公司养护队伍','','1','');
INSERT INTO CD_PARTY_ENTITY(ID,TYPE_ID,NAME,REF,TENANT_ID,REGION) VALUES(29,2,'排水公司','','1','');
INSERT INTO CD_PARTY_ENTITY(ID,TYPE_ID,NAME,REF,TENANT_ID,REGION) VALUES(30,3,'排水公司坐席','','1','');
INSERT INTO CD_PARTY_ENTITY(ID,TYPE_ID,NAME,REF,TENANT_ID,REGION) VALUES(31,3,'排水公司养护队伍','','1','');
INSERT INTO CD_PARTY_ENTITY(ID,TYPE_ID,NAME,REF,TENANT_ID,REGION) VALUES(32,1,'李兰','13','1','成都市');
INSERT INTO CD_PARTY_ENTITY(ID,TYPE_ID,NAME,REF,TENANT_ID,REGION) VALUES(33,1,'张帆','15','1','成都市');
INSERT INTO CD_PARTY_ENTITY(ID,TYPE_ID,NAME,REF,TENANT_ID,REGION) VALUES(34,1,'张广迪','14','1','成都市');
INSERT INTO CD_PARTY_ENTITY(ID,TYPE_ID,NAME,REF,TENANT_ID,REGION) VALUES(35,1,'王鹏','16','1','成都市');
INSERT INTO CD_PARTY_ENTITY(ID,TYPE_ID,NAME,REF,TENANT_ID,REGION) VALUES(36,1,'闫晓伟','17','1','成都市');
INSERT INTO CD_PARTY_ENTITY(ID,TYPE_ID,NAME,REF,TENANT_ID,REGION) VALUES(37,1,'周甜','18','1','成都市');
INSERT INTO CD_PARTY_ENTITY(ID,TYPE_ID,NAME,REF,TENANT_ID,REGION) VALUES(38,1,'李雨龙','19','1','成都市');
INSERT INTO CD_PARTY_ENTITY(ID,TYPE_ID,NAME,REF,TENANT_ID,REGION) VALUES(39,1,'王新亮','20','1','成都市');

INSERT INTO CD_PARTY_STRUCT_TYPE(ID,NAME,TENANT_ID) VALUES(1,'行政组织','1');

INSERT INTO CD_PARTY_STRUCT_RULE(ID,PARENT_TYPE_ID,CHILD_TYPE_ID,STRUCT_TYPE_ID,TENANT_ID) VALUES(1,2,2,1,'1');
INSERT INTO CD_PARTY_STRUCT_RULE(ID,PARENT_TYPE_ID,CHILD_TYPE_ID,STRUCT_TYPE_ID,TENANT_ID) VALUES(2,2,3,1,'1');
INSERT INTO CD_PARTY_STRUCT_RULE(ID,PARENT_TYPE_ID,CHILD_TYPE_ID,STRUCT_TYPE_ID,TENANT_ID) VALUES(3,2,1,1,'1');
INSERT INTO CD_PARTY_STRUCT_RULE(ID,PARENT_TYPE_ID,CHILD_TYPE_ID,STRUCT_TYPE_ID,TENANT_ID) VALUES(4,3,1,1,'1');


INSERT INTO CD_PARTY_STRUCT(ID,STRUCT_TYPE_ID,PARENT_ENTITY_ID,CHILD_ENTITY_ID,TENANT_ID) VALUES(1,1,NULL,1,'1');
INSERT INTO CD_PARTY_STRUCT(ID,STRUCT_TYPE_ID,PARENT_ENTITY_ID,CHILD_ENTITY_ID,TENANT_ID) VALUES(2,1,1,2,'1');
INSERT INTO CD_PARTY_STRUCT(ID,STRUCT_TYPE_ID,PARENT_ENTITY_ID,CHILD_ENTITY_ID,TENANT_ID) VALUES(3,1,1,3,'1');
INSERT INTO CD_PARTY_STRUCT(ID,STRUCT_TYPE_ID,PARENT_ENTITY_ID,CHILD_ENTITY_ID,TENANT_ID) VALUES(4,1,2,10,'1');
INSERT INTO CD_PARTY_STRUCT(ID,STRUCT_TYPE_ID,PARENT_ENTITY_ID,CHILD_ENTITY_ID,TENANT_ID) VALUES(5,1,2,11,'1');
INSERT INTO CD_PARTY_STRUCT(ID,STRUCT_TYPE_ID,PARENT_ENTITY_ID,CHILD_ENTITY_ID,TENANT_ID) VALUES(6,1,3,12,'1');
INSERT INTO CD_PARTY_STRUCT(ID,STRUCT_TYPE_ID,PARENT_ENTITY_ID,CHILD_ENTITY_ID,TENANT_ID) VALUES(7,1,3,13,'1');

INSERT INTO CD_PARTY_STRUCT(ID,STRUCT_TYPE_ID,PARENT_ENTITY_ID,CHILD_ENTITY_ID,TENANT_ID) VALUES(8,1,NULL,4,'1');
INSERT INTO CD_PARTY_STRUCT(ID,STRUCT_TYPE_ID,PARENT_ENTITY_ID,CHILD_ENTITY_ID,TENANT_ID) VALUES(9,1,4,5,'1');
INSERT INTO CD_PARTY_STRUCT(ID,STRUCT_TYPE_ID,PARENT_ENTITY_ID,CHILD_ENTITY_ID,TENANT_ID) VALUES(10,1,5,14,'1');
INSERT INTO CD_PARTY_STRUCT(ID,STRUCT_TYPE_ID,PARENT_ENTITY_ID,CHILD_ENTITY_ID,TENANT_ID) VALUES(11,1,5,15,'1');

INSERT INTO CD_PARTY_STRUCT(ID,STRUCT_TYPE_ID,PARENT_ENTITY_ID,CHILD_ENTITY_ID,TENANT_ID) VALUES(12,1,NULL,6,'1');
INSERT INTO CD_PARTY_STRUCT(ID,STRUCT_TYPE_ID,PARENT_ENTITY_ID,CHILD_ENTITY_ID,TENANT_ID) VALUES(13,1,6,7,'1');
INSERT INTO CD_PARTY_STRUCT(ID,STRUCT_TYPE_ID,PARENT_ENTITY_ID,CHILD_ENTITY_ID,TENANT_ID) VALUES(14,1,7,8,'1');
INSERT INTO CD_PARTY_STRUCT(ID,STRUCT_TYPE_ID,PARENT_ENTITY_ID,CHILD_ENTITY_ID,TENANT_ID) VALUES(15,1,7,9,'1');
INSERT INTO CD_PARTY_STRUCT(ID,STRUCT_TYPE_ID,PARENT_ENTITY_ID,CHILD_ENTITY_ID,TENANT_ID) VALUES(16,1,8,16,'1');
INSERT INTO CD_PARTY_STRUCT(ID,STRUCT_TYPE_ID,PARENT_ENTITY_ID,CHILD_ENTITY_ID,TENANT_ID) VALUES(17,1,8,17,'1');
INSERT INTO CD_PARTY_STRUCT(ID,STRUCT_TYPE_ID,PARENT_ENTITY_ID,CHILD_ENTITY_ID,TENANT_ID) VALUES(18,1,9,18,'1');
INSERT INTO CD_PARTY_STRUCT(ID,STRUCT_TYPE_ID,PARENT_ENTITY_ID,CHILD_ENTITY_ID,TENANT_ID) VALUES(19,1,9,19,'1');

INSERT INTO CD_PARTY_STRUCT(ID,STRUCT_TYPE_ID,PARENT_ENTITY_ID,CHILD_ENTITY_ID,TENANT_ID) VALUES(20,1,6,20,'1');
INSERT INTO CD_PARTY_STRUCT(ID,STRUCT_TYPE_ID,PARENT_ENTITY_ID,CHILD_ENTITY_ID,TENANT_ID) VALUES(21,1,20,21,'1');
INSERT INTO CD_PARTY_STRUCT(ID,STRUCT_TYPE_ID,PARENT_ENTITY_ID,CHILD_ENTITY_ID,TENANT_ID) VALUES(22,1,20,22,'1');
INSERT INTO CD_PARTY_STRUCT(ID,STRUCT_TYPE_ID,PARENT_ENTITY_ID,CHILD_ENTITY_ID,TENANT_ID) VALUES(23,1,21,32,'1');
INSERT INTO CD_PARTY_STRUCT(ID,STRUCT_TYPE_ID,PARENT_ENTITY_ID,CHILD_ENTITY_ID,TENANT_ID) VALUES(24,1,22,33,'1');

INSERT INTO CD_PARTY_STRUCT(ID,STRUCT_TYPE_ID,PARENT_ENTITY_ID,CHILD_ENTITY_ID,TENANT_ID) VALUES(25,1,6,23,'1');
INSERT INTO CD_PARTY_STRUCT(ID,STRUCT_TYPE_ID,PARENT_ENTITY_ID,CHILD_ENTITY_ID,TENANT_ID) VALUES(26,1,23,24,'1');
INSERT INTO CD_PARTY_STRUCT(ID,STRUCT_TYPE_ID,PARENT_ENTITY_ID,CHILD_ENTITY_ID,TENANT_ID) VALUES(27,1,23,25,'1');
INSERT INTO CD_PARTY_STRUCT(ID,STRUCT_TYPE_ID,PARENT_ENTITY_ID,CHILD_ENTITY_ID,TENANT_ID) VALUES(28,1,24,34,'1');
INSERT INTO CD_PARTY_STRUCT(ID,STRUCT_TYPE_ID,PARENT_ENTITY_ID,CHILD_ENTITY_ID,TENANT_ID) VALUES(29,1,25,35,'1');

INSERT INTO CD_PARTY_STRUCT(ID,STRUCT_TYPE_ID,PARENT_ENTITY_ID,CHILD_ENTITY_ID,TENANT_ID) VALUES(30,1,6,26,'1');
INSERT INTO CD_PARTY_STRUCT(ID,STRUCT_TYPE_ID,PARENT_ENTITY_ID,CHILD_ENTITY_ID,TENANT_ID) VALUES(31,1,26,27,'1');
INSERT INTO CD_PARTY_STRUCT(ID,STRUCT_TYPE_ID,PARENT_ENTITY_ID,CHILD_ENTITY_ID,TENANT_ID) VALUES(32,1,26,28,'1');
INSERT INTO CD_PARTY_STRUCT(ID,STRUCT_TYPE_ID,PARENT_ENTITY_ID,CHILD_ENTITY_ID,TENANT_ID) VALUES(33,1,27,36,'1');
INSERT INTO CD_PARTY_STRUCT(ID,STRUCT_TYPE_ID,PARENT_ENTITY_ID,CHILD_ENTITY_ID,TENANT_ID) VALUES(34,1,28,37,'1');

INSERT INTO CD_PARTY_STRUCT(ID,STRUCT_TYPE_ID,PARENT_ENTITY_ID,CHILD_ENTITY_ID,TENANT_ID) VALUES(35,1,6,29,'1');
INSERT INTO CD_PARTY_STRUCT(ID,STRUCT_TYPE_ID,PARENT_ENTITY_ID,CHILD_ENTITY_ID,TENANT_ID) VALUES(36,1,29,30,'1');
INSERT INTO CD_PARTY_STRUCT(ID,STRUCT_TYPE_ID,PARENT_ENTITY_ID,CHILD_ENTITY_ID,TENANT_ID) VALUES(37,1,29,31,'1');
INSERT INTO CD_PARTY_STRUCT(ID,STRUCT_TYPE_ID,PARENT_ENTITY_ID,CHILD_ENTITY_ID,TENANT_ID) VALUES(38,1,30,38,'1');
INSERT INTO CD_PARTY_STRUCT(ID,STRUCT_TYPE_ID,PARENT_ENTITY_ID,CHILD_ENTITY_ID,TENANT_ID) VALUES(39,1,31,39,'1');
